-- ----------------------------
-- Records of category
-- ----------------------------
INSERT INTO `category` VALUES ('1397844263642378242', '1', 'Hunan Cuisine', '2021-05-27 09:16:58', '2021-07-15 20:25:23', '1', '1');
INSERT INTO `category` VALUES ('1397844303408574465', '1', 'Sichuan Cuisine', '2021-05-27 09:17:07', '2021-06-02 14:27:22', '1', '1');
INSERT INTO `category` VALUES ('1397844391040167938', '1', 'Cantonese Cuisine', '2021-05-27 09:17:28', '2021-07-09 14:37:13', '1', '1');
INSERT INTO `category` VALUES ('1413341197421846529', '1', 'Beverages', '2021-07-09 11:36:15', '2021-07-09 14:39:15', '1', '1');
INSERT INTO `category` VALUES ('1413342269393674242', '2', 'Business Set Meals', '2021-07-09 11:40:30', '2021-07-09 14:43:45', '1', '1');
INSERT INTO `category` VALUES ('1413384954989060097', '1', 'Staple Food', '2021-07-09 14:30:07', '2021-07-09 14:39:19', '1', '1');
INSERT INTO `category` VALUES ('1413386191767674881', '2', 'Kids’ Meals', '2021-07-09 14:35:02', '2021-07-09 14:39:05', '1', '1');

-- ----------------------------
-- Records of dish
-- ----------------------------
INSERT INTO `dish` VALUES ('1397849739276890114', 'Spicy Chicken', '1397844263642378242', '7800.00', '222222222', 'f966a38e-0780-40be-bb52-5699d13cb3d9.jpg', 'Delicious tender chicken, worth a try.', '1', '0', '2021-05-27 09:38:43', '2021-05-27 09:38:43', '1', '1', '0');
INSERT INTO `dish` VALUES ('1397850140982161409', 'Chairman Mao’s Braised Pork', '1397844263642378242', '6800.00', '123412341234', '0a3b3288-3446-4420-bbff-f263d0c02d8e.jpg', 'Classic dish inspired by Chairman Mao, must try!', '1', '0', '2021-05-27 09:40:19', '2021-05-27 09:40:19', '1', '1', '0');
INSERT INTO `dish` VALUES ('1397850392090947585', 'Shark Fin Soup', '1397844263642378242', '4800.00', '123412341234', '740c79ce-af29-41b8-b78d-5f49c96e38c4.jpg', 'Shark fin soup, visually appealing and tasty.', '1', '0', '2021-05-27 09:41:19', '2021-05-27 09:41:19', '1', '1', '0');
INSERT INTO `dish` VALUES ('1397850851245600769', 'Farewell My Concubine', '1397844263642378242', '12800.00', '123412341234', '057dd338-e487-4bbc-a74c-0384c44a9ca3.jpg', 'What could be more delicious than this?', '1', '0', '2021-05-27 09:43:08', '2021-05-27 09:43:08', '1', '1', '0');
INSERT INTO `dish` VALUES ('1397851099502260226', 'Family Feast', '1397844263642378242', '11800.00', '23412341234', 'a53a4e6a-3b83-4044-87f9-9d49b30a8fdc.jpg', 'A perfect family feast for longevity and taste.', '1', '0', '2021-05-27 09:44:08', '2021-05-27 09:44:08', '1', '1', '0');
INSERT INTO `dish` VALUES ('1397851370462687234', 'Shaoyang Blood Balls', '1397844263642378242', '13800.00', '1246812345678', '2a50628e-7758-4c51-9fbb-d37c61cdacad.jpg', 'Isn’t it delicious? Come and try it!', '1', '0', '2021-05-27 09:45:12', '2021-05-27 09:45:12', '1', '1', '0');
INSERT INTO `dish` VALUES ('1397851668262465537', 'Spicy Snake', '1397844263642378242', '16800.00', '1234567812345678', '0f4bd884-dc9c-4cf9-b59e-7d5958fec3dd.jpg', 'Top delicacy in the reptile world.', '1', '0', '2021-05-27 09:46:23', '2021-05-27 09:46:23', '1', '1', '0');
INSERT INTO `dish` VALUES ('1397852391150759938', 'Spicy Diced Chicken', '1397844303408574465', '8800.00', '2346812468', 'ef2b73f2-75d1-4d3a-beea-22da0e1421bd.jpg', 'Always a favorite spicy diced chicken.', '1', '0', '2021-05-27 09:49:16', '2021-05-27 09:49:16', '1', '1', '0');
INSERT INTO `dish` VALUES ('1397853183287013378', 'Spicy Rabbit Head', '1397844303408574465', '19800.00', '123456787654321', '2a2e9d66-b41d-4645-87bd-95f2cfeed218.jpg', 'Rich flavors, tender meat, a must-try.', '1', '0', '2021-05-27 09:52:24', '2021-05-27 09:52:24', '1', '1', '0');
INSERT INTO `dish` VALUES ('1397853709101740034', 'Garlic Pork Belly', '1397844303408574465', '9800.00', '1234321234321', 'd2f61d70-ac85-4529-9b74-6d9a2255c6d7.jpg', 'So appetizing and flavorful.', '1', '0', '2021-05-27 09:54:30', '2021-05-27 09:54:30', '1', '1', '0');
INSERT INTO `dish` VALUES ('1397853890262118402', 'Shredded Pork in Garlic Sauce', '1397844303408574465', '3800.00', '1234212321234', '8dcfda14-5712-4d28-82f7-ae905b3c2308.jpg', 'A classic dish bringing childhood memories.', '1', '0', '2021-05-27 09:55:13', '2021-05-27 09:55:13', '1', '1', '0');
INSERT INTO `dish` VALUES ('1397854652581064706', 'Boiled Fish in Spicy Sauce', '1397844303408574465', '14800.00', '2345312·345321', '1fdbfbf3-1d86-4b29-a3fc-46345852f2f8.jpg', 'Fresh fish slices with added shrimp for flavor.', '1', '0', '2021-05-27 09:58:15', '2021-05-27 09:58:15', '1', '1', '0');
INSERT INTO `dish` VALUES ('1397854865672679425', 'Fish-Flavored Scrambled Eggs', '1397844303408574465', '2000.00', '23456431·23456', '0f252364-a561-4e8d-8065-9a6797a6b1d3.jpg', 'A classic Sichuan dish with fish flavor.', '1', '0', '2021-05-27 09:59:06', '2021-05-27 09:59:06', '1', '1', '0');
INSERT INTO `dish` VALUES ('1397860242057375745', 'Crispy Roasted Goose', '1397844391040167938', '12800.00', '123456786543213456', 'e476f679-5c15-436b-87fa-8c4e9644bf33.jpeg', 'Tender and crispy, a popular dish in Guangdong.', '1', '0', '2021-05-27 10:20:27', '2021-05-27 10:20:27', '1', '1', '0');
INSERT INTO `dish` VALUES ('1397860578738352129', 'White Cut Chicken', '1397844391040167938', '6600.00', '12345678654', '9ec6fc2d-50d2-422e-b954-de87dcd04198.jpeg', 'A tender and flavorful classic Cantonese dish.', '1', '0', '2021-05-27 10:21:48', '2021-05-27 10:21:48', '1', '1', '0');
INSERT INTO `dish` VALUES ('1397860792492666881', 'Roasted Suckling Pig', '1397844391040167938', '38800.00', '213456432123456', '2e96a7e3-affb-438e-b7c3-e1430df425c9.jpeg', 'A famous traditional dish and key to Manchu-Han Banquet.', '1', '0', '2021-05-27 10:22:39', '2021-05-27 10:22:39', '1', '1', '0');
INSERT INTO `dish` VALUES ('1397860963880316929', 'Crispy Roasted Pigeon', '1397844391040167938', '10800.00', '1234563212345', '3fabb83a-1c09-4fd9-892b-4ef7457daafa.jpeg', 'Crispy on the outside, tender on the inside.', '1', '0', '2021-05-27 10:23:19', '2021-05-27 10:23:19', '1', '1', '0');
INSERT INTO `dish` VALUES ('1397861683434139649', 'Steamed Fresh Seafood', '1397844391040167938', '38800.00', '1234567876543213456', '1405081e-f545-42e1-86a2-f7559ae2e276.jpeg', 'Fresh seafood best served steamed.', '1', '0', '2021-05-27 10:26:11', '2021-05-27 10:26:11', '1', '1', '0');
INSERT INTO `dish` VALUES ('1397862198033297410', 'Slow-Cooked Soup', '1397844391040167938', '49800.00', '123456786532455', '583df4b7-a159-4cfc-9543-4f666120b25f.jpeg', 'A Cantonese tradition for health and taste.', '1', '0', '2021-05-27 10:28:14', '2021-05-27 10:28:14', '1', '1', '0');
INSERT INTO `dish` VALUES ('1397862477831122945', 'Lobster in Supreme Broth', '1397844391040167938', '108800.00', '1234567865432', '5b8d2da3-3744-4bb3-acdc-329056b8259d.jpeg', 'A luxurious lobster dish with supreme broth.', '1', '0', '2021-05-27 10:29:20', '2021-05-27 10:29:20', '1', '1', '0');
INSERT INTO `dish` VALUES ('1413342036832100354', 'Arctic Ocean Drink', '1413341197421846529', '500.00', '', 'c99e0aab-3cb7-4eaa-80fd-f47d4ffea694.png', '', '1', '0', '2021-07-09 11:39:35', '2021-07-09 15:12:18', '1', '1', '0');
INSERT INTO `dish` VALUES ('1413384757047271425', 'Wong Lo Kat', '1413341197421846529', '500.00', '', '00874a5e-0df2-446b-8f69-a30eb7d88ee8.png', '', '1', '0', '2021-07-09 14:29:20', '2021-07-12 09:09:16', '1', '1', '0');
INSERT INTO `dish` VALUES ('1413385247889891330', 'Steamed Rice', '1413384954989060097', '200.00', '', 'ee04a05a-1230-46b6-8ad5-1a95b140fff3.png', '', '1', '0', '2021-07-09 14:31:17', '2021-07-11 16:35:26', '1', '1', '0');
-- ----------------------------
-- Records of dish_flavor
-- ----------------------------

INSERT INTO `dish_flavor` VALUES ('1397849417888346113', '1397849417854791681', 'Spiciness', '[\"Not Spicy\",\"Mild Spicy\",\"Medium Spicy\",\"Very Spicy\"]', '2021-05-27 09:37:27', '2021-05-27 09:37:27', '1', '1', '0');
INSERT INTO `dish_flavor` VALUES ('1397849739297861633', '1397849739276890114', 'Preferences', '[\"No Onion\",\"No Garlic\",\"No Cilantro\",\"No Spicy\"]', '2021-05-27 09:38:43', '2021-05-27 09:38:43', '1', '1', '0');
INSERT INTO `dish_flavor` VALUES ('1397849739323027458', '1397849739276890114', 'Spiciness', '[\"Not Spicy\",\"Mild Spicy\",\"Medium Spicy\",\"Very Spicy\"]', '2021-05-27 09:38:43', '2021-05-27 09:38:43', '1', '1', '0');
INSERT INTO `dish_flavor` VALUES ('1397849936421761025', '1397849936404983809', 'Preferences', '[\"No Onion\",\"No Garlic\",\"No Cilantro\",\"No Spicy\"]', '2021-05-27 09:39:30', '2021-05-27 09:39:30', '1', '1', '0');
INSERT INTO `dish_flavor` VALUES ('1397849936438538241', '1397849936404983809', 'Spiciness', '[\"Not Spicy\",\"Mild Spicy\",\"Medium Spicy\",\"Very Spicy\"]', '2021-05-27 09:39:30', '2021-05-27 09:39:30', '1', '1', '0');
INSERT INTO `dish_flavor` VALUES ('1397850141015715841', '1397850140982161409', 'Preferences', '[\"No Onion\",\"No Garlic\",\"No Cilantro\",\"No Spicy\"]', '2021-05-27 09:40:19', '2021-05-27 09:40:19', '1', '1', '0');
INSERT INTO `dish_flavor` VALUES ('1397850141040881665', '1397850140982161409', 'Spiciness', '[\"Not Spicy\",\"Mild Spicy\",\"Medium Spicy\",\"Very Spicy\"]', '2021-05-27 09:40:19', '2021-05-27 09:40:19', '1', '1', '0');
INSERT INTO `dish_flavor` VALUES ('1397850392120307713', '1397850392090947585', 'Spiciness', '[\"Not Spicy\",\"Mild Spicy\",\"Medium Spicy\",\"Very Spicy\"]', '2021-05-27 09:41:19', '2021-05-27 09:41:19', '1', '1', '0');
INSERT INTO `dish_flavor` VALUES ('1397850392137084929', '1397850392090947585', 'Spiciness', '[\"Not Spicy\",\"Mild Spicy\",\"Medium Spicy\",\"Very Spicy\"]', '2021-05-27 09:41:19', '2021-05-27 09:41:19', '1', '1', '0');

INSERT INTO `dish_flavor` VALUES ('1397850630734262274', '1397850630700707841', 'Preferences', '[\"No Onion\",\"No Garlic\",\"No Cilantro\",\"No Spicy\"]', '2021-05-27 09:42:16', '2021-05-27 09:42:16', '1', '1', '0');
INSERT INTO `dish_flavor` VALUES ('1397850630755233794', '1397850630700707841', 'Spiciness', '[\"Mild Spicy\",\"Medium Spicy\",\"Very Spicy\"]', '2021-05-27 09:42:16', '2021-05-27 09:42:16', '1', '1', '0');
INSERT INTO `dish_flavor` VALUES ('1397850851274960898', '1397850851245600769', 'Preferences', '[\"No Garlic\",\"No Cilantro\",\"No Spicy\"]', '2021-05-27 09:43:08', '2021-05-27 09:43:08', '1', '1', '0');
INSERT INTO `dish_flavor` VALUES ('1397850851283349505', '1397850851245600769', 'Spiciness', '[\"Not Spicy\",\"Mild Spicy\",\"Medium Spicy\",\"Very Spicy\"]', '2021-05-27 09:43:08', '2021-05-27 09:43:08', '1', '1', '0');
INSERT INTO `dish_flavor` VALUES ('1397851099523231745', '1397851099502260226', 'Preferences', '[\"No Onion\",\"No Garlic\",\"No Cilantro\",\"No Spicy\"]', '2021-05-27 09:44:08', '2021-05-27 09:44:08', '1', '1', '0');
INSERT INTO `dish_flavor` VALUES ('1397851099527426050', '1397851099502260226', 'Spiciness', '[\"Not Spicy\",\"Mild Spicy\",\"Medium Spicy\"]', '2021-05-27 09:44:08', '2021-05-27 09:44:08', '1', '1', '0');
INSERT INTO `dish_flavor` VALUES ('1397851370483658754', '1397851370462687234', 'temperature', '[\"Hot\",\"Room Temperature\",\"No Ice\",\"Less Ice\",\"More Ice\"]', '2021-05-27 09:45:12', '2021-05-27 09:45:12', '1', '1', '0');
INSERT INTO `dish_flavor` VALUES ('1397851370483658755', '1397851370462687234', 'Preferences', '[\"No Onion\",\"No Garlic\",\"No Cilantro\",\"No Spicy\"]', '2021-05-27 09:45:12', '2021-05-27 09:45:12', '1', '1', '0');
INSERT INTO `dish_flavor` VALUES ('1397851370483658756', '1397851370462687234', 'Spiciness', '[\"Not Spicy\",\"Mild Spicy\",\"Medium Spicy\",\"Very Spicy\"]', '2021-05-27 09:45:12', '2021-05-27 09:45:12', '1', '1', '0');
INSERT INTO `dish_flavor` VALUES ('1397851668283437058', '1397851668262465537', 'temperature', '[\"Hot\",\"Room Temperature\",\"No Ice\",\"Less Ice\",\"More Ice\"]', '2021-05-27 09:46:23', '2021-05-27 09:46:23', '1', '1', '0');
INSERT INTO `dish_flavor` VALUES ('1397852391180120065', '1397852391150759938', 'Preferences', '[\"No Onion\",\"No Cilantro\",\"No Spicy\"]', '2021-05-27 09:49:16', '2021-05-27 09:49:16', '1', '1', '0');

INSERT INTO `dish_flavor` VALUES ('1397852391196897281', '1397852391150759938', 'Spiciness', '[\"Not Spicy\",\"Mild Spicy\",\"Very Spicy\"]', '2021-05-27 09:49:16', '2021-05-27 09:49:16', '1', '1', '0');
INSERT INTO `dish_flavor` VALUES ('1397853183307984898', '1397853183287013378', 'Spiciness', '[\"Not Spicy\",\"Mild Spicy\",\"Medium Spicy\",\"Very Spicy\"]', '2021-05-27 09:52:24', '2021-05-27 09:52:24', '1', '1', '0');
INSERT INTO `dish_flavor` VALUES ('1397853423486414850', '1397853423461249026', 'Spiciness', '[\"Not Spicy\",\"Mild Spicy\",\"Medium Spicy\",\"Very Spicy\"]', '2021-05-27 09:53:22', '2021-05-27 09:53:22', '1', '1', '0');
INSERT INTO `dish_flavor` VALUES ('1397853709126905857', '1397853709101740034', 'Preferences', '[\"No Onion\",\"No Garlic\",\"No Cilantro\",\"No Spicy\"]', '2021-05-27 09:54:30', '2021-05-27 09:54:30', '1', '1', '0');
INSERT INTO `dish_flavor` VALUES ('1397853890283089922', '1397853890262118402', 'Spiciness', '[\"Not Spicy\",\"Mild Spicy\",\"Medium Spicy\",\"Very Spicy\"]', '2021-05-27 09:55:13', '2021-05-27 09:55:13', '1', '1', '0');
INSERT INTO `dish_flavor` VALUES ('1397854133632413697', '1397854133603053569', 'temperature', '[\"Hot\",\"Room Temperature\",\"No Ice\",\"Less Ice\",\"More Ice\"]', '2021-05-27 09:56:11', '2021-05-27 09:56:11', '1', '1', '0');
INSERT INTO `dish_flavor` VALUES ('1397854652623007745', '1397854652581064706', 'Preferences', '[\"No Onion\",\"No Garlic\",\"No Cilantro\",\"No Spicy\"]', '2021-05-27 09:58:15', '2021-05-27 09:58:15', '1', '1', '0');
INSERT INTO `dish_flavor` VALUES ('1397854652635590658', '1397854652581064706', 'Spiciness', '[\"Not Spicy\",\"Mild Spicy\",\"Medium Spicy\",\"Very Spicy\"]', '2021-05-27 09:58:15', '2021-05-27 09:58:15', '1', '1', '0');
INSERT INTO `dish_flavor` VALUES ('1397854865735593986', '1397854865672679425', 'Spiciness', '[\"Not Spicy\",\"Mild Spicy\",\"Medium Spicy\",\"Very Spicy\"]', '2021-05-27 09:59:06', '2021-05-27 09:59:06', '1', '1', '0');
INSERT INTO `dish_flavor` VALUES ('1397855742303186946', '1397855742273826817', 'Spiciness', '[\"Not Spicy\",\"Mild Spicy\",\"Medium Spicy\",\"Very Spicy\"]', '2021-05-27 10:02:35', '2021-05-27 10:02:35', '1', '1', '0');
INSERT INTO `dish_flavor` VALUES ('1397855906497605633', '1397855906468245506', 'Preferences', '[\"No Onion\",\"No Garlic\",\"No Cilantro\",\"No Spicy\"]', '2021-05-27 10:03:14', '2021-05-27 10:03:14', '1', '1', '0');
INSERT INTO `dish_flavor` VALUES ('1397856190573621250', '1397856190540066818', 'Spiciness', '[\"Not Spicy\",\"Mild Spicy\",\"Medium Spicy\",\"Very Spicy\"]', '2021-05-27 10:04:21', '2021-05-27 10:04:21', '1', '1', '0');
INSERT INTO `dish_flavor` VALUES ('1397859056709316609', '1397859056684150785', 'Spiciness', '[\"Not Spicy\",\"Mild Spicy\",\"Medium Spicy\",\"Very Spicy\"]', '2021-05-27 10:15:45', '2021-05-27 10:15:45', '1', '1', '0');
INSERT INTO `dish_flavor` VALUES ('1397859277837217794', '1397859277812051969', 'Spiciness', '[\"Not Spicy\",\"Mild Spicy\",\"Medium Spicy\",\"Very Spicy\"]', '2021-05-27 10:16:37', '2021-05-27 10:16:37', '1', '1', '0');
INSERT INTO `dish_flavor` VALUES ('1397859487502086146', '1397859487476920321', 'Spiciness', '[\"Not Spicy\",\"Mild Spicy\",\"Medium Spicy\",\"Very Spicy\"]', '2021-05-27 10:17:27', '2021-05-27 10:17:27', '1', '1', '0');
INSERT INTO `dish_flavor` VALUES ('1397859757061615618', '1397859757036449794', 'Sweetness', '[\"No Sugar\",\"Less Sugar\",\"Half Sugar\",\"More Sugar\",\"Full Sugar\"]', '2021-05-27 10:18:32', '2021-05-27 10:18:32', '1', '1', '0');
INSERT INTO `dish_flavor` VALUES ('1397860242086735874', '1397860242057375745', 'Spiciness', '[\"Not Spicy\",\"Mild Spicy\",\"Medium Spicy\",\"Very Spicy\"]', '2021-05-27 10:20:27', '2021-05-27 10:20:27', '1', '1', '0');
INSERT INTO `dish_flavor` VALUES ('1397860963918065665', '1397860963880316929', 'Spiciness', '[\"Not Spicy\",\"Mild Spicy\",\"Medium Spicy\",\"Very Spicy\"]', '2021-05-27 10:23:19', '2021-05-27 10:23:19', '1', '1', '0');
INSERT INTO `dish_flavor` VALUES ('1397861135754506242', '1397861135733534722', 'Sweetness', '[\"No Sugar\",\"Less Sugar\",\"Half Sugar\",\"More Sugar\",\"Full Sugar\"]', '2021-05-27 10:24:00', '2021-05-27 10:24:00', '1', '1', '0');
INSERT INTO `dish_flavor` VALUES ('1397861370035744769', '1397861370010578945', 'Spiciness', '[\"Not Spicy\",\"Mild Spicy\",\"Medium Spicy\",\"Very Spicy\"]', '2021-05-27 10:24:56', '2021-05-27 10:24:56', '1', '1', '0');
INSERT INTO `dish_flavor` VALUES ('1397861683459305474', '1397861683434139649', 'Preferences', '[\"No Onion\",\"No Garlic\",\"No Cilantro\",\"No Spicy\"]', '2021-05-27 10:26:11', '2021-05-27 10:26:11', '1', '1', '0');
INSERT INTO `dish_flavor` VALUES ('1397861898467717121', '1397861898438356993', 'Preferences', '[\"No Onion\",\"No Garlic\",\"No Cilantro\",\"No Spicy\"]', '2021-05-27 10:27:02', '2021-05-27 10:27:02', '1', '1', '0');
INSERT INTO `dish_flavor` VALUES ('1397862198054268929', '1397862198033297410', 'Preferences', '[\"No Onion\",\"No Garlic\",\"No Cilantro\",\"No Spicy\"]', '2021-05-27 10:28:14', '2021-05-27 10:28:14', '1', '1', '0');
INSERT INTO `dish_flavor` VALUES ('1397862477835317250', '1397862477831122945', 'Spiciness', '[\"Not Spicy\",\"Mild Spicy\",\"Medium Spicy\"]', '2021-05-27 10:29:20', '2021-05-27 10:29:20', '1', '1', '0');
INSERT INTO `dish_flavor` VALUES ('1398089545865015297', '1398089545676271617', 'temperature', '[\"Hot\",\"Room Temperature\",\"No Ice\",\"Less Ice\",\"More Ice\"]', '2021-05-28 01:31:38', '2021-05-28 01:31:38', '1', '1', '0');
INSERT INTO `dish_flavor` VALUES ('1398089782323097601', '1398089782285348866', 'Spiciness', '[\"Not Spicy\",\"Mild Spicy\",\"Medium Spicy\",\"Very Spicy\"]', '2021-05-28 01:32:34', '2021-05-28 01:32:34', '1', '1', '0');
INSERT INTO `dish_flavor` VALUES ('1398090003262255106', '1398090003228700673', 'Preferences', '[\"No Onion\",\"No Garlic\",\"No Cilantro\",\"No Spicy\"]', '2021-05-28 01:33:27', '2021-05-28 01:33:27', '1', '1', '0');
INSERT INTO `dish_flavor` VALUES ('1398090264554811394', '1398090264517062657', 'Preferences', '[\"No Onion\",\"No Garlic\",\"No Cilantro\",\"No Spicy\"]', '2021-05-28 01:34:29', '2021-05-28 01:34:29', '1', '1', '0');
INSERT INTO `dish_flavor` VALUES ('1398090455399837698', '1398090455324340225', 'Spiciness', '[\"Not Spicy\",\"Mild Spicy\",\"Medium Spicy\",\"Very Spicy\"]', '2021-05-28 01:35:14', '2021-05-28 01:35:14', '1', '1', '0');
INSERT INTO `dish_flavor` VALUES ('1398090685449023490', '1398090685419663362', 'temperature', '[\"Hot\",\"Room Temperature\",\"No Ice\",\"Less Ice\",\"More Ice\"]', '2021-05-28 01:36:09', '2021-05-28 01:36:09', '1', '1', '0');
INSERT INTO `dish_flavor` VALUES ('1398090825358422017', '1398090825329061889', 'Preferences', '[\"No Onion\",\"No Garlic\",\"No Cilantro\",\"No Spicy\"]', '2021-05-28 01:36:43', '2021-05-28 01:36:43', '1', '1', '0');
INSERT INTO `dish_flavor` VALUES ('1398091007051476993', '1398091007017922561', 'Spiciness', '[\"Not Spicy\",\"Mild Spicy\",\"Medium Spicy\",\"Very Spicy\"]', '2021-05-28 01:37:26', '2021-05-28 01:37:26', '1', '1', '0');
INSERT INTO `dish_flavor` VALUES ('1398091296164851713', '1398091296131297281', 'Spiciness', '[\"Not Spicy\",\"Mild Spicy\",\"Medium Spicy\",\"Very Spicy\"]', '2021-05-28 01:38:35', '2021-05-28 01:38:35', '1', '1', '0');
INSERT INTO `dish_flavor` VALUES ('1398091546531246081', '1398091546480914433', 'Preferences', '[\"No Onion\",\"No Garlic\",\"No Cilantro\",\"No Spicy\"]', '2021-05-28 01:39:35', '2021-05-28 01:39:35', '1', '1', '0');
INSERT INTO `dish_flavor` VALUES ('1398091729809747969', '1398091729788776450', 'Spiciness', '[\"Not Spicy\",\"Mild Spicy\",\"Medium Spicy\",\"Very Spicy\"]', '2021-05-28 01:40:18', '2021-05-28 01:40:18', '1', '1', '0');
INSERT INTO `dish_flavor` VALUES ('1398091889499484161', '1398091889449152513', 'Spiciness', '[\"Not Spicy\",\"Mild Spicy\",\"Medium Spicy\",\"Very Spicy\"]', '2021-05-28 01:40:56', '2021-05-28 01:40:56', '1', '1', '0');
INSERT INTO `dish_flavor` VALUES ('1398092095179763713', '1398092095142014978', 'Spiciness', '[\"Not Spicy\",\"Mild Spicy\",\"Medium Spicy\",\"Very Spicy\"]', '2021-05-28 01:41:45', '2021-05-28 01:41:45', '1', '1', '0');
INSERT INTO `dish_flavor` VALUES ('1398092283877306370', '1398092283847946241', 'Spiciness', '[\"Not Spicy\",\"Mild Spicy\",\"Medium Spicy\",\"Very Spicy\"]', '2021-05-28 01:42:30', '2021-05-28 01:42:30', '1', '1', '0');
INSERT INTO `dish_flavor` VALUES ('1398094018939236354', '1398094018893099009', 'Spiciness', '[\"Not Spicy\",\"Mild Spicy\",\"Medium Spicy\",\"Very Spicy\"]', '2021-05-28 01:49:24', '2021-05-28 01:49:24', '1', '1', '0');
INSERT INTO `dish_flavor` VALUES ('1398094391494094850', '1398094391456346113', 'Spiciness', '[\"Not Spicy\",\"Mild Spicy\",\"Medium Spicy\",\"Very Spicy\"]', '2021-05-28 01:50:53', '2021-05-28 01:50:53', '1', '1', '0');
INSERT INTO `dish_flavor` VALUES ('1399574026165727233', '1399305325713600514', 'Spiciness', '[\"Not Spicy\",\"Mild Spicy\",\"Medium Spicy\",\"Very Spicy\"]', '2021-06-01 03:50:25', '2021-06-01 03:50:25', '1399309715396669441', '1399309715396669441', '0');
INSERT INTO `dish_flavor` VALUES ('1413389540592263169', '1413384757047271425', 'temperature', '[\"Room Temperature\",\"More Ice\"]', '2021-07-12 09:09:16', '2021-07-12 09:09:16', '1', '1', '0');
INSERT INTO `dish_flavor` VALUES ('1413389684020682754', '1413342036832100354', 'temperature', '[\"Room Temperature\",\"More Ice\"]', '2021-07-09 15:12:18', '2021-07-09 15:12:18', '1', '1', '0');

-- ----------------------------
-- Records of address_book
-- ----------------------------
INSERT INTO `address_book` VALUES ('1417414526093082626', '1417012167126876162', 'Alice', '1', '13812345678', null, null, null, null, null, null, 'Changping building', 'Company', '1', '2021-07-20 17:22:12', '2021-07-20 17:26:33', '1417012167126876162', '1417012167126876162', '0');
INSERT INTO `address_book` VALUES ('1417414926166769666', '1417012167126876162', 'Jack', '1', '13512345678', null, null, null, null, null, null, 'Testing', 'Home', '0', '2021-07-20 17:23:47', '2021-07-20 17:23:47', '1417012167126876162', '1417012167126876162', '0');


-- ----------------------------
-- Records of setmeal_dish
-- ----------------------------
INSERT INTO `setmeal_dish` VALUES ('1415580119052894209', '1415580119015145474', '1397862198033297410', 'Soup', '49800.00', '1', '0', '2021-07-15 15:52:55', '2021-07-15 15:52:55', '1415576781934608386', '1415576781934608386', '0');
INSERT INTO `setmeal_dish` VALUES ('1415580119061282817', '1415580119015145474', '1413342036832100354', 'Drinks', '500.00', '1', '0', '2021-07-15 15:52:55', '2021-07-15 15:52:55', '1415576781934608386', '1415576781934608386', '0');
INSERT INTO `setmeal_dish` VALUES ('1415580119069671426', '1415580119015145474', '1413385247889891330', 'Rice', '200.00', '1', '0', '2021-07-15 15:52:55', '2021-07-15 15:52:55', '1415576781934608386', '1415576781934608386', '0');


-- ----------------------------
-- Records of employee
-- ----------------------------
INSERT INTO `employee` VALUES ('1', 'Admin', 'admin', 'e10adc3949ba59abbe56e057f20f883e', '13812312312', '1',
                               '110101199001010047', '1', '2021-05-06 17:20:07', '2021-05-10 02:24:09', '1', '1');
INSERT INTO `employee` (`id`, `name`, `username`, `password`, `phone`, `sex`, `id_number`, `status`, `create_time`, `update_time`, `create_user`, `update_user`)
VALUES
    (2, 'John Smith', 'johnsmith', 'password123', '12345678901', 'M', '123456199001011234', 1, '2024-12-01 08:00:00', '2024-12-01 08:00:00', 1001, 1001),
    (3, 'Jane Doe', 'janedoe', 'password456', '98765432109', 'F', '123456199202021234', 1, '2024-12-02 09:00:00', '2024-12-02 09:00:00', 1002, 1002),
    (4, 'Michael Brown', 'mikebrown', 'password789', '13579246801', 'M', '123456199303031234', 1, '2024-12-03 10:00:00', '2024-12-03 10:00:00', 1003, 1003),
    (5, 'Emily Davis', 'emilydavis', 'password012', '14725836902', 'F', '123456199404041234', 0, '2024-12-04 11:00:00', '2024-12-04 11:00:00', 1004, 1004),
    (6, 'Chris Wilson', 'chriswilson', 'password345', '15935748206', 'M', '123456199505051234', 1, '2024-12-05 12:00:00', '2024-12-05 12:00:00', 1005, 1005),
    (7, 'Olivia Taylor', 'oliviataylor', 'password678', '18654321908', 'F', '123456199606061234', 1, '2024-12-06 13:00:00', '2024-12-06 13:00:00', 1006, 1006),
    (8, 'William Anderson', 'willanderson', 'password901', '13246579802', 'M', '123456199707071234', 0, '2024-12-07 14:00:00', '2024-12-07 14:00:00', 1007, 1007),
    (9, 'Sophia Martinez', 'sophiamartinez', 'password234', '14523698703', 'F', '123456199808081234', 1, '2024-12-08 15:00:00', '2024-12-08 15:00:00', 1008, 1008),
    (10, 'Daniel Moore', 'danielmoore', 'password567', '17896543201', 'M', '123456199909091234', 1, '2024-12-09 16:00:00', '2024-12-09 16:00:00', 1009, 1009),
    (11, 'Isabella Thomas', 'isabellathomas', 'password890', '13796458207', 'F', '123456200001011234', 1, '2024-12-10 17:00:00', '2024-12-10 17:00:00', 1010, 1010),
    (12, 'James Jackson', 'jamesjackson', 'password123', '14523698701', 'M', '123456199001121234', 1, '2024-12-11 08:30:00', '2024-12-11 08:30:00', 1011, 1011),
    (13, 'Mia White', 'miawhite', 'password456', '14789632508', 'F', '123456199201221234', 0, '2024-12-12 09:30:00', '2024-12-12 09:30:00', 1012, 1012),
    (14, 'Alexander Harris', 'alexharris', 'password789', '15987423602', 'M', '123456199302231234', 1, '2024-12-13 10:30:00', '2024-12-13 10:30:00', 1013, 1013),
    (15, 'Charlotte Martin', 'charlottemartin', 'password012', '12365478903', 'F', '123456199402241234', 1, '2024-12-14 11:30:00', '2024-12-14 11:30:00', 1014, 1014),
    (16, 'Benjamin Clark', 'benclark', 'password345', '13579864207', 'M', '123456199502251234', 1, '2024-12-15 12:30:00', '2024-12-15 12:30:00', 1015, 1015),
    (17, 'Amelia Robinson', 'ameliarobinson', 'password678', '14526378904', 'F', '123456199602261234', 1, '2024-12-16 13:30:00', '2024-12-16 13:30:00', 1016, 1016),
    (18, 'Elijah Walker', 'elijahwalker', 'password901', '13659874209', 'M', '123456199702271234', 1, '2024-12-17 14:30:00', '2024-12-17 14:30:00', 1017, 1017),
    (19, 'Harper Young', 'harperyoung', 'password234', '14985672306', 'F', '123456199802281234', 1, '2024-12-18 15:30:00', '2024-12-18 15:30:00', 1018, 1018),
    (20, 'Lucas Hall', 'lucashall', 'password567', '18975362408', 'M', '123456199903011234', 1, '2024-12-19 16:30:00', '2024-12-19 16:30:00', 1019, 1019),
    (21, 'Evelyn Allen', 'evelynallen', 'password890', '13467985205', 'F', '123456200003021234', 0, '2024-12-20 17:30:00', '2024-12-20 17:30:00', 1020, 1020),
    (22, 'Henry Scott', 'henryscott', 'password123', '15487936207', 'M', '123456199003021234', 1, '2024-12-21 08:15:00', '2024-12-21 08:15:00', 1021, 1021),
    (23, 'Luna Adams', 'lunaadams', 'password456', '12457983604', 'F', '123456199103031234', 1, '2024-12-22 09:15:00', '2024-12-22 09:15:00', 1022, 1022),
    (24, 'Sebastian Lewis', 'seblewis', 'password789', '13568792403', 'M', '123456199203041234', 1, '2024-12-23 10:15:00', '2024-12-23 10:15:00', 1023, 1023),
    (25, 'Aria Nelson', 'arianelson', 'password012', '14758932608', 'F', '123456199303051234', 1, '2024-12-24 11:15:00', '2024-12-24 11:15:00', 1024, 1024),
    (26, 'Matthew Carter', 'mattcarter', 'password345', '15639874209', 'M', '123456199403061234', 1, '2024-12-25 12:15:00', '2024-12-25 12:15:00', 1025, 1025),
    (27, 'Grace Mitchell', 'gracemitch', 'password678', '15974823605', 'F', '123456199503071234', 1, '2024-12-26 13:15:00', '2024-12-26 13:15:00', 1026, 1026),
    (28, 'Jack Perez', 'jackperez', 'password901', '13659874201', 'M', '123456199603081234', 1, '2024-12-27 14:15:00', '2024-12-27 14:15:00', 1027, 1027),
    (29, 'Sofia Brown', 'sofiabrown', 'password234', '18965472306', 'F', '123456199703091234', 1, '2024-12-28 15:15:00', '2024-12-28 15:15:00', 1028, 1028),
    (30, 'Levi King', 'leviking', 'password567', '14587936203', 'M', '123456199803101234', 0, '2024-12-29 16:15:00', '2024-12-29 16:15:00', 1029, 1029),
    (31, 'Zoe Turner', 'zoeturner', 'password890', '15879642308', 'F', '123456199903111234', 1, '2024-12-30 17:15:00', '2024-12-30 17:15:00', 1030, 1030);



-- ----------------------------
-- Records of orders
-- ----------------------------
INSERT INTO `orders` (`id`, `number`, `status`, `user_id`, `address_book_id`, `order_time`, `checkout_time`, `pay_method`, `amount`, `remark`, `phone`, `address`, `user_name`, `consignee`)
VALUES
    (1, 'ORD001', 1, 101, 201, '2024-12-01 08:30:00', NULL, 1, 120.50, 'Urgent delivery', '1234567890', '1234 Elm Street, Springfield', 'John Doe', 'Jane Smith'),
    (2, 'ORD002', 2, 102, 202, '2024-12-02 10:00:00', '2024-12-02 10:30:00', 2, 250.00, 'Gift wrap needed', '9876543210', '5678 Maple Avenue, Greenville', 'Alice Brown', 'Bob White'),
    (3, 'ORD003', 3, 103, 203, '2024-12-03 12:45:00', '2024-12-03 13:00:00', 1, 75.00, 'Call before delivery', '4567891230', '9102 Pine Road, Centerville', 'Charlie Green', 'Daisy Black'),
    (4, 'ORD004', 4, 104, 204, '2024-12-04 14:15:00', '2024-12-04 14:45:00', 2, 150.75, NULL, '1237894560', '7849 Oak Lane, Middletown', 'Edward Gray', 'Fiona Blue'),
    (5, 'ORD005', 5, 105, 205, '2024-12-05 16:30:00', NULL, 1, 100.00, 'Order canceled', '3216549870', '321 Birch Street, Fairfield', 'George White', 'Helen Yellow'),
    (6, 'ORD006', 1, 106, 206, '2024-12-06 08:00:00', NULL, 2, 200.00, 'Need extra packaging', '9871234560', '4321 Cedar Avenue, Hillside', 'Ivy Brown', 'Jack Silver'),
    (7, 'ORD007', 2, 107, 207, '2024-12-07 09:45:00', '2024-12-07 10:00:00', 1, 300.25, 'Deliver before 5 PM', '6549871230', '8765 Willow Court, Brookfield', 'Karen White', 'Larry Gold'),
    (8, 'ORD008', 3, 108, 208, '2024-12-08 11:00:00', '2024-12-08 11:20:00', 2, 180.50, 'Customer will pick up', '7418529630', '159 Oak Drive, Kingsville', 'Michael Black', 'Nancy Green'),
    (9, 'ORD009', 4, 109, 209, '2024-12-09 13:30:00', '2024-12-09 14:00:00', 1, 220.75, NULL, '2589631470', '951 Birch Way, Lakeside', 'Oliver Blue', 'Patricia Red'),
    (10, 'ORD010', 5, 110, 210, '2024-12-10 15:15:00', NULL, 2, 125.00, 'Customer canceled order', '3698521470', '753 Spruce Lane, Riverdale', 'Quincy Gold', 'Rachel Silver');
INSERT INTO `orders` (`id`, `number`, `status`, `user_id`, `address_book_id`, `order_time`, `checkout_time`, `pay_method`, `amount`, `remark`, `phone`, `address`, `user_name`, `consignee`)
VALUES
    (11, 'ORD011', 1, 111, 211, '2024-12-11 08:15:00', NULL, 2, 50.00, 'Deliver before noon', '7896541230', '123 Chestnut Street, Sunnyvale', 'Sam Green', 'Tom White'),
    (12, 'ORD012', 2, 112, 212, '2024-12-12 09:00:00', '2024-12-12 09:30:00', 1, 180.00, 'Leave at the front door', '4561237890', '456 Elm Drive, Redwood City', 'Emily Brown', 'Lucy Black'),
    (13, 'ORD013', 3, 113, 213, '2024-12-13 10:45:00', '2024-12-13 11:00:00', 2, 125.50, 'Ring the doorbell', '3217896540', '789 Cedar Road, Fremont', 'John Gray', 'Nina Gold'),
    (14, 'ORD014', 4, 114, 214, '2024-12-14 11:30:00', '2024-12-14 12:00:00', 1, 90.75, 'Extra care needed', '9638527410', '101 Maple Avenue, Palo Alto', 'Olivia Blue', 'Peter Brown'),
    (15, 'ORD015', 5, 115, 215, '2024-12-15 12:15:00', NULL, 2, 135.00, 'Customer canceled the order', '8527419630', '202 Birch Lane, San Mateo', 'Liam Black', 'Sophia Green'),
    (16, 'ORD016', 1, 116, 216, '2024-12-16 13:00:00', NULL, 1, 300.00, 'Gift order', '1472583690', '303 Oak Circle, Cupertino', 'Mason White', 'Ella Silver'),
    (17, 'ORD017', 2, 117, 217, '2024-12-17 14:45:00', '2024-12-17 15:15:00', 2, 220.25, 'Deliver to office', '3697412580', '404 Pine Way, San Jose', 'Charlotte Gold', 'Lucas Brown'),
    (18, 'ORD018', 3, 118, 218, '2024-12-18 15:30:00', '2024-12-18 16:00:00', 1, 175.00, NULL, '7418529630', '505 Spruce Drive, Mountain View', 'Ethan Blue', 'Zoe Green'),
    (19, 'ORD019', 4, 119, 219, '2024-12-19 16:15:00', '2024-12-19 16:45:00', 2, 85.50, 'Fragile items', '2589631470', '606 Cedar Boulevard, Sunnyvale', 'Aiden Silver', 'Chloe Black'),
    (20, 'ORD020', 5, 120, 220, '2024-12-20 17:00:00', NULL, 1, 45.00, 'Customer changed mind', '7539514560', '707 Maple Street, Santa Clara', 'Isabella Brown', 'Jack Green'),
    (21, 'ORD021', 1, 121, 221, '2024-12-21 18:30:00', NULL, 2, 400.00, 'High-value order', '9514567530', '808 Oak Avenue, Redwood City', 'Michael Gray', 'Luna White'),
    (22, 'ORD022', 2, 122, 222, '2024-12-22 08:45:00', '2024-12-22 09:15:00', 1, 60.50, 'Urgent', '1593574860', '909 Pine Circle, San Jose', 'Emma Gold', 'Ryan Black'),
    (23, 'ORD023', 3, 123, 223, '2024-12-23 09:30:00', '2024-12-23 10:00:00', 2, 310.00, NULL, '1236547890', '1010 Cedar Lane, Palo Alto', 'Noah Silver', 'Grace Brown'),
    (24, 'ORD024', 4, 124, 224, '2024-12-24 10:15:00', '2024-12-24 10:45:00', 1, 95.75, 'Quick delivery requested', '4569871230', '1111 Birch Road, Sunnyvale', 'James White', 'Sophia Gold'),
    (25, 'ORD025', 5, 125, 225, '2024-12-25 11:00:00', NULL, 2, 65.00, 'Order canceled by customer', '7891234560', '1212 Maple Drive, Cupertino', 'Ella Black', 'Mia Green'),
    (26, 'ORD026', 1, 126, 226, '2024-12-26 12:45:00', NULL, 1, 105.00, 'For birthday celebration', '9637412580', '1313 Spruce Way, Mountain View', 'Oliver Gray', 'Lily Blue'),
    (27, 'ORD027', 2, 127, 227, '2024-12-27 13:30:00', '2024-12-27 14:00:00', 2, 270.50, 'Office address delivery', '4563217890', '1414 Oak Court, San Mateo', 'Mia White', 'Henry Black'),
    (28, 'ORD028', 3, 128, 228, '2024-12-28 14:15:00', '2024-12-28 14:45:00', 1, 330.00, NULL, '7896541230', '1515 Cedar Drive, Fremont', 'Ava Brown', 'Ethan Gold'),
    (29, 'ORD029', 4, 129, 229, '2024-12-29 15:00:00', '2024-12-29 15:30:00', 2, 120.00, 'Handle with care', '3217894560', '1616 Birch Avenue, San Jose', 'William Blue', 'Charlotte Gray'),
    (30, 'ORD030', 5, 130, 230, '2024-12-30 15:45:00', NULL, 1, 55.75, 'Customer request cancellation', '7418529630', '1717 Maple Boulevard, Redwood City', 'Harper Gold', 'Amelia Brown');
-- ----------------------------
-- Records of order_detail
-- ----------------------------


-- ----------------------------
-- Records of shopping_cart
-- ----------------------------


-- ----------------------------
-- Records of setmeal
-- ----------------------------
INSERT INTO `setmeal` (`id`, `category_id`, `name`, `price`, `status`, `code`, `description`, `image`, `create_time`, `update_time`, `create_user`, `update_user`, `is_deleted`)
VALUES
    (1, '1397844263642378242', 'Hunan Delicacies Set', 88.00, 1, 'SET001', 'A delightful mix of Hunan-style dishes.', 'hunan_set.jpg', '2024-12-01 10:00:00', '2024-12-01 10:00:00', 1001, 1001, 0),
    (2, '1397844303408574465', 'Sichuan Spicy Feast', 120.00, 1, 'SET002', 'A spicy selection of Sichuan cuisine.', 'sichuan_set.jpg', '2024-12-01 11:00:00', '2024-12-01 11:00:00', 1002, 1002, 0),
    (3, '1397844391040167938', 'Cantonese Gourmet Set', 150.00, 1, 'SET003', 'A premium selection of Cantonese dishes.', 'cantonese_set.jpg', '2024-12-01 12:00:00', '2024-12-01 12:00:00', 1003, 1003, 0),
    (4, '1413341197421846529', 'Refreshing Beverages Combo', 30.00, 1, 'SET004', 'A refreshing mix of popular drinks.', 'beverages_set.jpg', '2024-12-01 13:00:00', '2024-12-01 13:00:00', 1004, 1004, 0),
    (5, '1413342269393674242', 'Business Meal Combo', 100.00, 1, 'SET005', 'Perfect for a quick and satisfying meal.', 'business_set.jpg', '2024-12-01 14:00:00', '2024-12-01 14:00:00', 1005, 1005, 0),
    (6, '1413384954989060097', 'Staple Food Variety', 60.00, 1, 'SET006', 'A selection of staple food favorites.', 'staple_set.jpg', '2024-12-01 15:00:00', '2024-12-01 15:00:00', 1006, 1006, 0),
    (7, '1413386191767674881', 'Kids’ Happy Meal', 50.00, 1, 'SET007', 'A fun and tasty meal for kids.', 'kids_set.jpg', '2024-12-01 16:00:00', '2024-12-01 16:00:00', 1007, 1007, 0),
    (8, '1397844263642378242', 'Hunan Spicy Set', 90.00, 1, 'SET008', 'Experience the bold flavors of Hunan.', 'hunan_spicy_set.jpg', '2024-12-01 17:00:00', '2024-12-01 17:00:00', 1008, 1008, 0),
    (9, '1397844303408574465', 'Sichuan Hotpot Combo', 200.00, 1, 'SET009', 'A hotpot-style Sichuan feast.', 'sichuan_hotpot_set.jpg', '2024-12-01 18:00:00', '2024-12-01 18:00:00', 1009, 1009, 0),
    (10, '1397844391040167938', 'Cantonese Premium Feast', 180.00, 1, 'SET010', 'A premium assortment of Cantonese delicacies.', 'cantonese_premium_set.jpg', '2024-12-01 19:00:00', '2024-12-01 19:00:00', 1010, 1010, 0);